Designator,Mid X,Mid Y,Rotation,Layer
BT1,160.46875,-89.96875,90.0,top
D1,172.03125,-81.875,90.0,top
D2,175.5,-81.875,90.0,top
D3,178.96875,-81.875,90.0,top
D4,182.4375,-81.875,90.0,top
D5,185.90625,-81.875,90.0,top
S1,123.46875,-72.625,0.0,top
S2,141.96875,-68.0,0.0,top
S3,160.46875,-63.375,0.0,top
S4,178.96875,-68.0,0.0,top
S5,188.21875,-95.75,0.0,top
SW1,174.34375,-95.75,90.0,top
U1,130.17875,-95.75,90.0,top
